CIK,CompanyName,Ticker,SIC,SICDescription,Exchange,OTC_Tier,LastUpdated
0000040729,"Ally Financial Inc.",ALLY,6022,"State Commercial Banks",NYSE,,2026-01-13T05:54:22.412Z
0001734342,"Amerant Bancorp Inc.",AMTB,6021,"National Commercial Banks",NYSE,,2026-01-13T05:54:22.412Z
0000351569,"Ameris Bancorp",ABCB,6022,"State Commercial Banks",NYSE,,2026-01-13T05:54:22.412Z
0000007789,"ASSOCIATED BANC-CORP",ASB,6022,"State Commercial Banks",NYSE,,2026-01-13T05:54:22.412Z
0000007789,"ASSOCIATED BANC-CORP",ASBA,6022,"State Commercial Banks",NYSE,,2026-01-13T05:54:22.412Z
0000883948,"Atlantic Union Bankshares Corp",AUB,6022,"State Commercial Banks",NYSE,,2026-01-13T05:54:22.412Z
0002058758,"Avidia Bancorp, Inc.",AVBC,6036,"Savings Institutions, Not Federally Chartered",NYSE,,2026-01-13T05:54:22.412Z
0001299709,"Axos Financial, Inc.",AX,6035,"Savings Institutions, Federally Chartered",NYSE,,2026-01-13T05:54:22.412Z
0001169770,"BANC OF CALIFORNIA, INC.",BANC,6021,"National Commercial Banks",NYSE,,2026-01-13T05:54:22.412Z
0001160330,"BANK BRADESCO",BBD,6022,"State Commercial Banks",NYSE,,2026-01-13T05:54:22.412Z
0001160330,"BANK BRADESCO",BBDO,6022,"State Commercial Banks",NYSE,,2026-01-13T05:54:22.412Z
0000070858,"BANK OF AMERICA CORP /DE/",BAC,6021,"National Commercial Banks",NYSE,,2026-01-13T05:54:22.412Z
0000046195,"BANK OF HAWAII CORP",BOH,6022,"State Commercial Banks",NYSE,,2026-01-13T05:54:22.412Z
0001390777,"Bank of New York Mellon Corp",BK,6022,"State Commercial Banks",NYSE,,2026-01-13T05:54:22.412Z
0000009631,"BANK OF NOVA SCOTIA",BNS,6022,"State Commercial Banks",NYSE,,2026-01-13T05:54:22.412Z
0001504008,"BankUnited, Inc.",BKU,6035,"Savings Institutions, Federally Chartered",NYSE,,2026-01-13T05:54:22.412Z
0000743367,"BAR HARBOR BANKSHARES",BHB,6022,"State Commercial Banks",NYSE,,2026-01-13T05:54:22.412Z
0001108134,"Beacon Financial Corp",BBT,6036,"Savings Institutions, Not Federally Chartered",NYSE,,2026-01-13T05:54:22.412Z
0000842717,"BLUE RIDGE BANKSHARES, INC.",BRBS,6022,"State Commercial Banks",NYSE,,2026-01-13T05:54:22.412Z
0001702750,"BYLINE BANCORP, INC.",BY,6022,"State Commercial Banks",NYSE,,2026-01-13T05:54:22.412Z
0000927628,"CAPITAL ONE FINANCIAL CORP",COF,6021,"National Commercial Banks",NYSE,,2026-01-13T05:54:22.412Z
0000701347,"CENTRAL PACIFIC FINANCIAL CORP",CPF,6022,"State Commercial Banks",NYSE,,2026-01-13T05:54:22.412Z
0001392272,"CHAIN BRIDGE BANCORP INC",CBNA,6021,"National Commercial Banks",NYSE,,2026-01-13T05:54:22.412Z
0000831001,"CITIGROUP INC",C,6021,"National Commercial Banks",NYSE,,2026-01-13T05:54:22.412Z
0000759944,"CITIZENS FINANCIAL GROUP INC/RI",CFG,6022,"State Commercial Banks",NYSE,,2026-01-13T05:54:22.412Z
0001297107,"CoastalSouth Bancshares, Inc.",COSO,6022,"State Commercial Banks",NYSE,,2026-01-13T05:54:22.412Z
0000711669,"COLONY BANKCORP INC",CBAN,6022,"State Commercial Banks",NYSE,,2026-01-13T05:54:22.412Z
0000028412,"COMERICA INC",CMA,6021,"National Commercial Banks",NYSE,,2026-01-13T05:54:22.412Z
0000723188,"COMMUNITY FINANCIAL SYSTEM, INC.",CBU,6021,"National Commercial Banks",NYSE,,2026-01-13T05:54:22.412Z
0000039263,"CULLEN/FROST BANKERS, INC.",CFR,6021,"National Commercial Banks",NYSE,,2026-01-13T05:54:22.412Z
0001488813,"Customers Bancorp, Inc.",CUBI,6022,"State Commercial Banks",NYSE,,2026-01-13T05:54:22.412Z
0001488813,"Customers Bancorp, Inc.",CUBB,6022,"State Commercial Banks",NYSE,,2026-01-13T05:54:22.412Z
0001159508,"DEUTSCHE BANK AKTIENGESELLSCHAFT",DB,6022,"State Commercial Banks",NYSE,,2026-01-13T05:54:22.412Z
0001227500,"EQUITY BANCSHARES INC",EQBK,6022,"State Commercial Banks",NYSE,,2026-01-13T05:54:22.412Z
0001649749,"FB Financial Corp",FBK,6022,"State Commercial Banks",NYSE,,2026-01-13T05:54:22.412Z
0001057706,"FIRST BANCORP /PR/",FBP,6022,"State Commercial Banks",NYSE,,2026-01-13T05:54:22.412Z
0000712537,"FIRST COMMONWEALTH FINANCIAL CORP /PA/",FCF,6021,"National Commercial Banks",NYSE,,2026-01-13T05:54:22.412Z
0001413837,"First Foundation Inc.",FFWM,6022,"State Commercial Banks",NYSE,,2026-01-13T05:54:22.412Z
0000036966,"FIRST HORIZON CORP",FHN,6021,"National Commercial Banks",NYSE,,2026-01-13T05:54:22.412Z
0000910073,"FLAGSTAR BANK, NATIONAL ASSOCIATION",FLG,6036,"Savings Institutions, Not Federally Chartered",NYSE,,2026-01-13T05:54:22.412Z
0000037808,"FNB CORP/PA/",FNB,6021,"National Commercial Banks",NYSE,,2026-01-13T05:54:22.412Z
0000868671,"GLACIER BANCORP, INC.",GBCI,6022,"State Commercial Banks",NYSE,,2026-01-13T05:54:22.412Z
0001265131,"Hilltop Holdings Inc.",HTH,6022,"State Commercial Banks",NYSE,,2026-01-13T05:54:22.412Z
0001331520,"HOME BANCSHARES INC",HOMB,6022,"State Commercial Banks",NYSE,,2026-01-13T05:54:22.412Z
0001538263,"HomeTrust Bancshares, Inc.",HTB,6035,"Savings Institutions, Federally Chartered",NYSE,,2026-01-13T05:54:22.412Z
0001089113,"HSBC HOLDINGS PLC",HSBC,6035,"Savings Institutions, Federally Chartered",NYSE,,2026-01-13T05:54:22.412Z
0001132597,"Itau Unibanco Holding S.A.",ITUB,6022,"State Commercial Banks",NYSE,,2026-01-13T05:54:22.412Z
0000019617,"JPMORGAN CHASE & CO",JPM,6021,"National Commercial Banks",NYSE,,2026-01-13T05:54:22.412Z
0000091576,"KEYCORP /NEW/",KEY,6021,"National Commercial Banks",NYSE,,2026-01-13T05:54:22.412Z
0001462120,"Live Oak Bancshares, Inc.",LOB,6022,"State Commercial Banks",NYSE,,2026-01-13T05:54:22.412Z
0000036270,"M&T BANK CORP",MTB,6022,"State Commercial Banks",NYSE,,2026-01-13T05:54:22.412Z
0001476034,"Metropolitan Bank Holding Corp.",MCB,6022,"State Commercial Banks",NYSE,,2026-01-13T05:54:22.412Z
0001335730,"MIZUHO FINANCIAL GROUP INC",MFG,6021,"National Commercial Banks",NYSE,,2026-01-13T05:54:22.412Z
0001475841,"National Bank Holdings Corp",NBHC,6021,"National Commercial Banks",NYSE,,2026-01-13T05:54:22.412Z
0001174850,"NICOLET BANKSHARES INC",NIC,6021,"National Commercial Banks",NYSE,,2026-01-13T05:54:22.412Z
0001336706,"NORTHPOINTE BANCSHARES INC",NPB,6022,"State Commercial Banks",NYSE,,2026-01-13T05:54:22.412Z
0001030469,"OFG BANCORP",OFG,6022,"State Commercial Banks",NYSE,,2026-01-13T05:54:22.412Z
0001288855,"OptimumBank Holdings, Inc.",OPHC,6021,"National Commercial Banks",NYSE,,2026-01-13T05:54:22.412Z
0001516912,"Origin Bancorp, Inc.",OBK,6022,"State Commercial Banks",NYSE,,2026-01-13T05:54:22.412Z
0000805676,"PARK NATIONAL CORP /OH/",PRK,6021,"National Commercial Banks",NYSE,,2026-01-13T05:54:22.412Z
0002082866,"Pinnacle Financial Partners, Inc.",PNFP,6021,"National Commercial Banks",NYSE,,2026-01-13T05:54:22.412Z
0000713676,"PNC FINANCIAL SERVICES GROUP, INC.",PNC,6021,"National Commercial Banks",NYSE,,2026-01-13T05:54:22.412Z
0001068851,"PROSPERITY BANCSHARES INC",PB,6022,"State Commercial Banks",NYSE,,2026-01-13T05:54:22.412Z
0001178970,"PROVIDENT FINANCIAL SERVICES INC",PFS,6035,"Savings Institutions, Federally Chartered",NYSE,,2026-01-13T05:54:22.412Z
0001281761,"REGIONS FINANCIAL CORP",RF,6021,"National Commercial Banks",NYSE,,2026-01-13T05:54:22.412Z
0000715072,"RENASANT CORP",RNST,6022,"State Commercial Banks",NYSE,,2026-01-13T05:54:22.412Z
0001430723,"ServisFirst Bancshares, Inc.",SFBS,6022,"State Commercial Banks",NYSE,,2026-01-13T05:54:22.412Z
0001263043,"SHINHAN FINANCIAL GROUP CO LTD",SHG,6021,"National Commercial Banks",NYSE,,2026-01-13T05:54:22.412Z
0001038773,"SMARTFINANCIAL INC.",SMBK,6021,"National Commercial Banks",NYSE,,2026-01-13T05:54:22.412Z
0000705432,"SOUTHSIDE BANCSHARES INC",SBSI,6022,"State Commercial Banks",NYSE,,2026-01-13T05:54:22.412Z
0000764038,"SouthState Bank Corp",SSB,6022,"State Commercial Banks",NYSE,,2026-01-13T05:54:22.412Z
0000093751,"STATE STREET CORP",STT,6022,"State Commercial Banks",NYSE,,2026-01-13T05:54:22.412Z
0001473844,"Stellar Bancorp, Inc.",STEL,6021,"National Commercial Banks",NYSE,,2026-01-13T05:54:22.412Z
0001781730,"Third Coast Bancshares, Inc.",TCBX,6036,"Savings Institutions, Not Federally Chartered",NYSE,,2026-01-13T05:54:22.412Z
0001005817,"TOMPKINS FINANCIAL CORP",TMP,6022,"State Commercial Banks",NYSE,,2026-01-13T05:54:22.412Z
0001539638,"Triumph Financial, Inc.",TFIN,6022,"State Commercial Banks",NYSE,,2026-01-13T05:54:22.412Z
0000092230,"TRUIST FINANCIAL CORP",TFC,6021,"National Commercial Banks",NYSE,,2026-01-13T05:54:22.412Z
0001610520,"UBS Group AG",UBS,6021,"National Commercial Banks",NYSE,,2026-01-13T05:54:22.412Z
0000857855,"UNITED COMMUNITY BANKS INC",UCB,6022,"State Commercial Banks",NYSE,,2026-01-13T05:54:22.412Z
0000036104,"US BANCORP \DE\",USB,6021,"National Commercial Banks",NYSE,,2026-01-13T05:54:22.412Z
0000801337,"WEBSTER FINANCIAL CORP",WBS,6021,"National Commercial Banks",NYSE,,2026-01-13T05:54:22.412Z
0000072971,"WELLS FARGO & COMPANY/MN",WFC,6021,"National Commercial Banks",NYSE,,2026-01-13T05:54:22.412Z
0001212545,"WESTERN ALLIANCE BANCORPORATION",WAL,6022,"State Commercial Banks",NYSE,,2026-01-13T05:54:22.412Z
0000034782,"1ST SOURCE CORP",SRCE,6022,"State Commercial Banks",NASDAQ,,2026-01-13T05:54:22.412Z
0000715579,"ACNB CORP",ACNB,6022,"State Commercial Banks",NASDAQ,,2026-01-13T05:54:22.412Z
0001823406,"Affinity Bancshares, Inc.",AFBI,6036,"Savings Institutions, Not Federally Chartered",NASDAQ,,2026-01-13T05:54:22.412Z
0000903419,"ALERUS FINANCIAL CORP",ALRS,6021,"National Commercial Banks",NASDAQ,,2026-01-13T05:54:22.412Z
0001823608,"Amalgamated Financial Corp.",AMAL,6022,"State Commercial Banks",NASDAQ,,2026-01-13T05:54:22.412Z
0000707605,"AMERISERV FINANCIAL INC /PA/",ASRV,6021,"National Commercial Banks",NASDAQ,,2026-01-13T05:54:22.412Z
0001132651,"AMES NATIONAL CORP",ATLO,6021,"National Commercial Banks",NASDAQ,,2026-01-13T05:54:22.412Z
0000717538,"ARROW FINANCIAL CORP",AROW,6021,"National Commercial Banks",NASDAQ,,2026-01-13T05:54:22.412Z
0000750574,"AUBURN NATIONAL BANCORPORATION, INC",AUBN,6022,"State Commercial Banks",NASDAQ,,2026-01-13T05:54:22.412Z
0001443575,"Avidbank Holdings, Inc.",AVBH,6022,"State Commercial Banks",NASDAQ,,2026-01-13T05:54:22.412Z
0000760498,"BANCFIRST CORP /OK/",BANF,6021,"National Commercial Banks",NASDAQ,,2026-01-13T05:54:22.412Z
0000760498,"BANCFIRST CORP /OK/",BANFP,6021,"National Commercial Banks",NASDAQ,,2026-01-13T05:54:22.412Z
0001295401,"Bancorp, Inc.",TBBK,6021,"National Commercial Banks",NASDAQ,,2026-01-13T05:54:22.412Z
0001746109,"Bank First Corp",BFC,6021,"National Commercial Banks",NASDAQ,,2026-01-13T05:54:22.412Z
0001403475,"Bank of Marin Bancorp",BMRC,6022,"State Commercial Banks",NASDAQ,,2026-01-13T05:54:22.412Z
0001275101,"BANK OF THE JAMES FINANCIAL GROUP INC",BOTJ,6022,"State Commercial Banks",NASDAQ,,2026-01-13T05:54:22.412Z
0001746129,"Bank7 Corp.",BSVN,6022,"State Commercial Banks",NASDAQ,,2026-01-13T05:54:22.412Z
0001505732,"Bankwell Financial Group, Inc.",BWFG,6022,"State Commercial Banks",NASDAQ,,2026-01-13T05:54:22.412Z
0000946673,"BANNER CORP",BANR,6022,"State Commercial Banks",NASDAQ,,2026-01-13T05:54:22.412Z
0001730984,"BayCom Corp",BCML,6022,"State Commercial Banks",NASDAQ,,2026-01-13T05:54:22.412Z
0001649739,"BayFirst Financial Corp.",BAFN,6022,"State Commercial Banks",NASDAQ,,2026-01-13T05:54:22.412Z
0001228454,"BCB BANCORP INC",BCBP,6035,"Savings Institutions, Federally Chartered",NASDAQ,,2026-01-13T05:54:22.412Z
0001846017,"Blue Foundry Bancorp",BLFY,6036,"Savings Institutions, Not Federally Chartered",NASDAQ,,2026-01-13T05:54:22.412Z
0001787414,"Bogota Financial Corp.",BSBK,6036,"Savings Institutions, Not Federally Chartered",NASDAQ,,2026-01-13T05:54:22.412Z
0000875357,"BOK FINANCIAL CORP",BOKF,6021,"National Commercial Banks",NASDAQ,,2026-01-13T05:54:22.412Z
0001341317,"Bridgewater Bancshares Inc",BWB,6022,"State Commercial Banks",NASDAQ,,2026-01-13T05:54:22.412Z
0001341317,"Bridgewater Bancshares Inc",BWBBP,6022,"State Commercial Banks",NASDAQ,,2026-01-13T05:54:22.412Z
0001001171,"BROADWAY FINANCIAL CORP \DE\",BYFC,6035,"Savings Institutions, Federally Chartered",NASDAQ,,2026-01-13T05:54:22.412Z
0001964333,"Burke & Herbert Financial Services Corp.",BHRB,6021,"National Commercial Banks",NASDAQ,,2026-01-13T05:54:22.412Z
0001624322,"Business First Bancshares, Inc.",BFST,6022,"State Commercial Banks",NASDAQ,,2026-01-13T05:54:22.412Z
0001302387,"BV Financial, Inc.",BVFL,6035,"Savings Institutions, Federally Chartered",NASDAQ,,2026-01-13T05:54:22.412Z
0000913341,"C & F FINANCIAL CORP",CFFI,6022,"State Commercial Banks",NASDAQ,,2026-01-13T05:54:22.412Z
0001795815,"California BanCorp \ CA",BCAL,6021,"National Commercial Banks",NASDAQ,,2026-01-13T05:54:22.412Z
0000750686,"CAMDEN NATIONAL CORP",CAC,6021,"National Commercial Banks",NASDAQ,,2026-01-13T05:54:22.412Z
0001419536,"Capital Bancorp Inc",CBNK,6021,"National Commercial Banks",NASDAQ,,2026-01-13T05:54:22.412Z
0000726601,"CAPITAL CITY BANK GROUP INC",CCBG,6022,"State Commercial Banks",NASDAQ,,2026-01-13T05:54:22.412Z
0001490906,"Capitol Federal Financial, Inc.",CFFN,6035,"Savings Institutions, Federally Chartered",NASDAQ,,2026-01-13T05:54:22.412Z
0001829576,"Carter Bankshares, Inc.",CARE,6021,"National Commercial Banks",NASDAQ,,2026-01-13T05:54:22.412Z
0001849867,"Catalyst Bancorp, Inc.",CLST,6035,"Savings Institutions, Federally Chartered",NASDAQ,,2026-01-13T05:54:22.412Z
0000861842,"CATHAY GENERAL BANCORP",CATY,6022,"State Commercial Banks",NASDAQ,,2026-01-13T05:54:22.412Z
0001605301,"CB Financial Services, Inc.",CBFV,6022,"State Commercial Banks",NASDAQ,,2026-01-13T05:54:22.412Z
0002065601,"Central Bancompany, Inc.",CBC,6022,"State Commercial Banks",NASDAQ,,2026-01-13T05:54:22.412Z
0001979332,"Central Plains Bancshares, Inc.",CPBI,6035,"Savings Institutions, Federally Chartered",NASDAQ,,2026-01-13T05:54:22.412Z
0001070680,"CF BANKSHARES INC.",CFBK,6021,"National Commercial Banks",NASDAQ,,2026-01-13T05:54:22.412Z
0000763563,"CHEMUNG FINANCIAL CORP",CHMG,6022,"State Commercial Banks",NASDAQ,,2026-01-13T05:54:22.412Z
0000803164,"CHOICEONE FINANCIAL SERVICES INC",COFS,6022,"State Commercial Banks",NASDAQ,,2026-01-13T05:54:22.412Z
0000810958,"CITIZENS & NORTHERN CORP",CZNC,6022,"State Commercial Banks",NASDAQ,,2026-01-13T05:54:22.412Z
0001367859,"Citizens Community Bancorp Inc.",CZWI,6035,"Savings Institutions, Federally Chartered",NASDAQ,,2026-01-13T05:54:22.412Z
0000739421,"CITIZENS FINANCIAL SERVICES INC",CZFS,6022,"State Commercial Banks",NASDAQ,,2026-01-13T05:54:22.412Z
0000726854,"CITY HOLDING CO",CHCO,6021,"National Commercial Banks",NASDAQ,,2026-01-13T05:54:22.412Z
0000944745,"CIVISTA BANCSHARES, INC.",CIVB,6022,"State Commercial Banks",NASDAQ,,2026-01-13T05:54:22.412Z
0000736772,"CNB FINANCIAL CORP/PA",CCNE,6022,"State Commercial Banks",NASDAQ,,2026-01-13T05:54:22.412Z
0000736772,"CNB FINANCIAL CORP/PA",CCNEP,6022,"State Commercial Banks",NASDAQ,,2026-01-13T05:54:22.412Z
0001437958,"COASTAL FINANCIAL CORP",CCB,6022,"State Commercial Banks",NASDAQ,,2026-01-13T05:54:22.412Z
0000887343,"COLUMBIA BANKING SYSTEM, INC.",COLB,6022,"State Commercial Banks",NASDAQ,,2026-01-13T05:54:22.412Z
0001723596,"Columbia Financial, Inc.",CLBK,6035,"Savings Institutions, Federally Chartered",NASDAQ,,2026-01-13T05:54:22.412Z
0000022356,"COMMERCE BANCSHARES INC /MO/",CBSH,6022,"State Commercial Banks",NASDAQ,,2026-01-13T05:54:22.412Z
0001981546,"Commercial Bancgroup, Inc.",CBK,6022,"State Commercial Banks",NASDAQ,,2026-01-13T05:54:22.412Z
0000350852,"COMMUNITY TRUST BANCORP INC /KY/",CTBI,6022,"State Commercial Banks",NASDAQ,,2026-01-13T05:54:22.412Z
0001127371,"Community West Bancshares",CWBC,6022,"State Commercial Banks",NASDAQ,,2026-01-13T05:54:22.412Z
0000712771,"ConnectOne Bancorp, Inc.",CNOB,6022,"State Commercial Banks",NASDAQ,,2026-01-13T05:54:22.412Z
0000712771,"ConnectOne Bancorp, Inc.",CNOBP,6022,"State Commercial Banks",NASDAQ,,2026-01-13T05:54:22.412Z
0000354647,"CVB FINANCIAL CORP",CVBF,6022,"State Commercial Banks",NASDAQ,,2026-01-13T05:54:22.412Z
0000846617,"Dime Community Bancshares, Inc. /NY/",DCOM,6021,"National Commercial Banks",NASDAQ,,2026-01-13T05:54:22.412Z
0000846617,"Dime Community Bancshares, Inc. /NY/",DCOMP,6021,"National Commercial Banks",NASDAQ,,2026-01-13T05:54:22.412Z
0000846617,"Dime Community Bancshares, Inc. /NY/",DCOMG,6021,"National Commercial Banks",NASDAQ,,2026-01-13T05:54:22.412Z
0001050441,"EAGLE BANCORP INC",EGBN,6022,"State Commercial Banks",NASDAQ,,2026-01-13T05:54:22.412Z
0001478454,"Eagle Bancorp Montana, Inc.",EBMT,6022,"State Commercial Banks",NASDAQ,,2026-01-13T05:54:22.412Z
0000880641,"EAGLE FINANCIAL SERVICES INC",EFSI,6022,"State Commercial Banks",NASDAQ,,2026-01-13T05:54:22.412Z
0001069157,"EAST WEST BANCORP INC",EWBC,6022,"State Commercial Banks",NASDAQ,,2026-01-13T05:54:22.412Z
0001810546,"Eastern Bankshares, Inc.",EBC,6035,"Savings Institutions, Federally Chartered",NASDAQ,,2026-01-13T05:54:22.412Z
0001914605,"ECB Bancorp, Inc. /MD/",ECBK,6036,"Savings Institutions, Not Federally Chartered",NASDAQ,,2026-01-13T05:54:22.412Z
0001025835,"ENTERPRISE FINANCIAL SERVICES CORP",EFSC,6022,"State Commercial Banks",NASDAQ,,2026-01-13T05:54:22.412Z
0001025835,"ENTERPRISE FINANCIAL SERVICES CORP",EFSCP,6022,"State Commercial Banks",NASDAQ,,2026-01-13T05:54:22.412Z
0000792966,"FARMERS & MERCHANTS BANCORP INC",FMAO,6035,"Savings Institutions, Federally Chartered",NASDAQ,,2026-01-13T05:54:22.412Z
0000709337,"FARMERS NATIONAL BANC CORP /OH/",FMNB,6022,"State Commercial Banks",NASDAQ,,2026-01-13T05:54:22.412Z
0002013639,"FB Bancorp, Inc. /MD/",FBLA,6036,"Savings Institutions, Not Federally Chartered",NASDAQ,,2026-01-13T05:54:22.412Z
0001098151,"FIDELITY D & D BANCORP INC",FDBC,6021,"National Commercial Banks",NASDAQ,,2026-01-13T05:54:22.412Z
0002012726,"Fifth District Bancorp, Inc.",FDSB,6035,"Savings Institutions, Federally Chartered",NASDAQ,,2026-01-13T05:54:22.412Z
0000035527,"FIFTH THIRD BANCORP",FITBI,6022,"State Commercial Banks",NASDAQ,,2026-01-13T05:54:22.412Z
0000035527,"FIFTH THIRD BANCORP",FITB,6022,"State Commercial Banks",NASDAQ,,2026-01-13T05:54:22.412Z
0000035527,"FIFTH THIRD BANCORP",FITBO,6022,"State Commercial Banks",NASDAQ,,2026-01-13T05:54:22.412Z
0000035527,"FIFTH THIRD BANCORP",FITBP,6022,"State Commercial Banks",NASDAQ,,2026-01-13T05:54:22.412Z
0000862831,"FINANCIAL INSTITUTIONS INC",FISI,6021,"National Commercial Banks",NASDAQ,,2026-01-13T05:54:22.412Z
0000919864,"Finward Bancorp",FNWD,6035,"Savings Institutions, Federally Chartered",NASDAQ,,2026-01-13T05:54:22.412Z
0001856365,"Finwise Bancorp",FINW,6022,"State Commercial Banks",NASDAQ,,2026-01-13T05:54:22.412Z
0000811589,"FIRST BANCORP /NC/",FBNC,6022,"State Commercial Banks",NASDAQ,,2026-01-13T05:54:22.412Z
0000765207,"First Bancorp, Inc /ME/",FNLC,6021,"National Commercial Banks",NASDAQ,,2026-01-13T05:54:22.412Z
0000314489,"FIRST BUSEY CORP /NV/",BUSE,6022,"State Commercial Banks",NASDAQ,,2026-01-13T05:54:22.412Z
0000314489,"FIRST BUSEY CORP /NV/",BUSEP,6022,"State Commercial Banks",NASDAQ,,2026-01-13T05:54:22.412Z
0001521951,"FIRST BUSINESS FINANCIAL SERVICES, INC.",FBIZ,6022,"State Commercial Banks",NASDAQ,,2026-01-13T05:54:22.412Z
0001070296,"FIRST CAPITAL INC",FCAP,6035,"Savings Institutions, Federally Chartered",NASDAQ,,2026-01-13T05:54:22.412Z
0000798941,"FIRST CITIZENS BANCSHARES INC /DE/",FCNCA,6022,"State Commercial Banks",NASDAQ,,2026-01-13T05:54:22.412Z
0000798941,"FIRST CITIZENS BANCSHARES INC /DE/",FCNCO,6022,"State Commercial Banks",NASDAQ,,2026-01-13T05:54:22.412Z
0000798941,"FIRST CITIZENS BANCSHARES INC /DE/",FCNCP,6022,"State Commercial Banks",NASDAQ,,2026-01-13T05:54:22.412Z
0000859070,"FIRST COMMUNITY BANKSHARES INC /VA/",FCBC,6022,"State Commercial Banks",NASDAQ,,2026-01-13T05:54:22.412Z
0000932781,"FIRST COMMUNITY CORP /SC/",FCCO,6022,"State Commercial Banks",NASDAQ,,2026-01-13T05:54:22.412Z
0000708955,"FIRST FINANCIAL BANCORP /OH/",FFBC,6021,"National Commercial Banks",NASDAQ,,2026-01-13T05:54:22.412Z
0000036029,"FIRST FINANCIAL BANKSHARES INC",FFIN,6022,"State Commercial Banks",NASDAQ,,2026-01-13T05:54:22.412Z
0000714562,"FIRST FINANCIAL CORP /IN/",THFF,6022,"State Commercial Banks",NASDAQ,,2026-01-13T05:54:22.412Z
0001408534,"First Guaranty Bancshares, Inc.",FGBI,6035,"Savings Institutions, Federally Chartered",NASDAQ,,2026-01-13T05:54:22.412Z
0001408534,"First Guaranty Bancshares, Inc.",FGBIP,6035,"Savings Institutions, Federally Chartered",NASDAQ,,2026-01-13T05:54:22.412Z
0000036377,"FIRST HAWAIIAN, INC.",FHB,6022,"State Commercial Banks",NASDAQ,,2026-01-13T05:54:22.412Z
0001562463,"First Internet Bancorp",INBK,6022,"State Commercial Banks",NASDAQ,,2026-01-13T05:54:22.412Z
0001562463,"First Internet Bancorp",INBKZ,6022,"State Commercial Banks",NASDAQ,,2026-01-13T05:54:22.412Z
0000860413,"FIRST INTERSTATE BANCSYSTEM INC",FIBK,6022,"State Commercial Banks",NASDAQ,,2026-01-13T05:54:22.412Z
0000712534,"FIRST MERCHANTS CORP",FRME,6021,"National Commercial Banks",NASDAQ,,2026-01-13T05:54:22.412Z
0000712534,"FIRST MERCHANTS CORP",FRMEP,6021,"National Commercial Banks",NASDAQ,,2026-01-13T05:54:22.412Z
0000700565,"FIRST MID BANCSHARES, INC.",FMBH,6022,"State Commercial Banks",NASDAQ,,2026-01-13T05:54:22.412Z
0000719402,"FIRST NATIONAL CORP /VA/",FXNC,6022,"State Commercial Banks",NASDAQ,,2026-01-13T05:54:22.412Z
0001556727,"First Northwest Bancorp",FNWB,6036,"Savings Institutions, Not Federally Chartered",NASDAQ,,2026-01-13T05:54:22.412Z
0001435508,"First Savings Financial Group, Inc.",FSFG,6035,"Savings Institutions, Federally Chartered",NASDAQ,,2026-01-13T05:54:22.412Z
0001943802,"First Seacoast Bancorp, Inc.",FSEA,6035,"Savings Institutions, Federally Chartered",NASDAQ,,2026-01-13T05:54:22.412Z
0000763907,"FIRST UNITED CORP/MD/",FUNC,6021,"National Commercial Banks",NASDAQ,,2026-01-13T05:54:22.412Z
0000717806,"FIRST US BANCSHARES, INC.",FUSB,6022,"State Commercial Banks",NASDAQ,,2026-01-13T05:54:22.412Z
0001327607,"First Western Financial Inc",MYFW,6022,"State Commercial Banks",NASDAQ,,2026-01-13T05:54:22.412Z
0001709442,"FIRSTSUN CAPITAL BANCORP",FSUN,6021,"National Commercial Banks",NASDAQ,,2026-01-13T05:54:22.412Z
0001275168,"FIVE STAR BANCORP",FSBC,6022,"State Commercial Banks",NASDAQ,,2026-01-13T05:54:22.412Z
0000923139,"FLUSHING FINANCIAL CORP",FFIC,6022,"State Commercial Banks",NASDAQ,,2026-01-13T05:54:22.412Z
0000723646,"FRANKLIN FINANCIAL SERVICES CORP /PA/",FRAF,6022,"State Commercial Banks",NASDAQ,,2026-01-13T05:54:22.412Z
0001530249,"FS Bancorp, Inc.",FSBW,6036,"Savings Institutions, Not Federally Chartered",NASDAQ,,2026-01-13T05:54:22.412Z
0000700564,"FULTON FINANCIAL CORP",FULT,6021,"National Commercial Banks",NASDAQ,,2026-01-13T05:54:22.412Z
0000700564,"FULTON FINANCIAL CORP",FULTP,6021,"National Commercial Banks",NASDAQ,,2026-01-13T05:54:22.412Z
0001675644,"FVCBankcorp, Inc.",FVCB,6022,"State Commercial Banks",NASDAQ,,2026-01-13T05:54:22.412Z
0001791145,"GBank Financial Holdings Inc.",GBFH,6022,"State Commercial Banks",NASDAQ,,2026-01-13T05:54:22.412Z
0000714395,"GERMAN AMERICAN BANCORP, INC.",GABC,6022,"State Commercial Banks",NASDAQ,,2026-01-13T05:54:22.412Z
0000854560,"GREAT SOUTHERN BANCORP, INC.",GSBC,6022,"State Commercial Banks",NASDAQ,,2026-01-13T05:54:22.412Z
0001070524,"GREENE COUNTY BANCORP INC",GCBC,6036,"Savings Institutions, Not Federally Chartered",NASDAQ,,2026-01-13T05:54:22.412Z
0000750577,"HANCOCK WHITNEY CORP",HWC,6022,"State Commercial Banks",NASDAQ,,2026-01-13T05:54:22.412Z
0000750577,"HANCOCK WHITNEY CORP",HWCPZ,6022,"State Commercial Banks",NASDAQ,,2026-01-13T05:54:22.412Z
0001109242,"HANMI FINANCIAL CORP",HAFC,6021,"National Commercial Banks",NASDAQ,,2026-01-13T05:54:22.412Z
0001828588,"Hanover Bancorp, Inc. /MD",HNVR,6022,"State Commercial Banks",NASDAQ,,2026-01-13T05:54:22.412Z
0000893847,"HAWTHORN BANCSHARES, INC.",HWBK,6021,"National Commercial Banks",NASDAQ,,2026-01-13T05:54:22.412Z
0000775215,"HBT Financial, Inc.",HBT,6022,"State Commercial Banks",NASDAQ,,2026-01-13T05:54:22.412Z
0001053352,"HERITAGE COMMERCE CORP",HTBK,6022,"State Commercial Banks",NASDAQ,,2026-01-13T05:54:22.412Z
0001046025,"HERITAGE FINANCIAL CORP /WA/",HFWA,6036,"Savings Institutions, Not Federally Chartered",NASDAQ,,2026-01-13T05:54:22.412Z
0001436425,"HOME BANCORP, INC.",HBCP,6036,"Savings Institutions, Not Federally Chartered",NASDAQ,,2026-01-13T05:54:22.412Z
0001500375,"Home Federal Bancorp, Inc. of Louisiana",HFBL,6035,"Savings Institutions, Federally Chartered",NASDAQ,,2026-01-13T05:54:22.412Z
0001128361,"HOPE BANCORP INC",HOPE,6021,"National Commercial Banks",NASDAQ,,2026-01-13T05:54:22.412Z
0000706129,"HORIZON BANCORP INC /IN/",HBNC,6022,"State Commercial Banks",NASDAQ,,2026-01-13T05:54:22.412Z
0002073153,"Hoyne Bancorp, Inc.",HYNE,6036,"Savings Institutions, Not Federally Chartered",NASDAQ,,2026-01-13T05:54:22.412Z
0000049196,"HUNTINGTON BANCSHARES INC /MD/",HBAN,6021,"National Commercial Banks",NASDAQ,,2026-01-13T05:54:22.412Z
0000049196,"HUNTINGTON BANCSHARES INC /MD/",HBANM,6021,"National Commercial Banks",NASDAQ,,2026-01-13T05:54:22.412Z
0000049196,"HUNTINGTON BANCSHARES INC /MD/",HBANP,6021,"National Commercial Banks",NASDAQ,,2026-01-13T05:54:22.412Z
0000049196,"HUNTINGTON BANCSHARES INC /MD/",HBANL,6021,"National Commercial Banks",NASDAQ,,2026-01-13T05:54:22.412Z
0001514743,"IF Bancorp, Inc.",IROQ,6035,"Savings Institutions, Federally Chartered",NASDAQ,,2026-01-13T05:54:22.412Z
0000776901,"INDEPENDENT BANK CORP",INDB,6022,"State Commercial Banks",NASDAQ,,2026-01-13T05:54:22.412Z
0000039311,"INDEPENDENT BANK CORP /MI/",IBCP,6022,"State Commercial Banks",NASDAQ,,2026-01-13T05:54:22.412Z
0000315709,"INTERNATIONAL BANCSHARES CORP",IBOC,6022,"State Commercial Banks",NASDAQ,,2026-01-13T05:54:22.412Z
0001602658,"Investar Holding Corp",ISTR,6022,"State Commercial Banks",NASDAQ,,2026-01-13T05:54:22.412Z
0000842517,"ISABELLA BANK CORP",ISBA,6022,"State Commercial Banks",NASDAQ,,2026-01-13T05:54:22.412Z
0001710482,"John Marshall Bancorp, Inc.",JMSB,6022,"State Commercial Banks",NASDAQ,,2026-01-13T05:54:22.412Z
0001617242,"Kearny Financial Corp.",KRNY,6035,"Savings Institutions, Federally Chartered",NASDAQ,,2026-01-13T05:54:22.412Z
0001297341,"Kentucky First Federal Bancorp",KFFB,6035,"Savings Institutions, Federally Chartered",NASDAQ,,2026-01-13T05:54:22.412Z
0002059653,"Lake Shore Bancorp, Inc. /MD/",LSBK,6035,"Savings Institutions, Federally Chartered",NASDAQ,,2026-01-13T05:54:22.412Z
0000721994,"LAKELAND FINANCIAL CORP",LKFN,6022,"State Commercial Banks",NASDAQ,,2026-01-13T05:54:22.412Z
0001141688,"LANDMARK BANCORP INC",LARK,6021,"National Commercial Banks",NASDAQ,,2026-01-13T05:54:22.412Z
0001074902,"LCNB CORP",LCNB,6021,"National Commercial Banks",NASDAQ,,2026-01-13T05:54:22.412Z
0001756701,"LINKBANCORP, Inc.",LNKB,6022,"State Commercial Banks",NASDAQ,,2026-01-13T05:54:22.412Z
0001337068,"Magyar Bancorp, Inc.",MGYR,6035,"Savings Institutions, Federally Chartered",NASDAQ,,2026-01-13T05:54:22.412Z
0001693577,"MainStreet Bancshares, Inc.",MNSB,6022,"State Commercial Banks",NASDAQ,,2026-01-13T05:54:22.412Z
0001693577,"MainStreet Bancshares, Inc.",MNSBP,6022,"State Commercial Banks",NASDAQ,,2026-01-13T05:54:22.412Z
0001835385,"Marathon Bancorp, Inc. /MD/",MBBC,6036,"Savings Institutions, Not Federally Chartered",NASDAQ,,2026-01-13T05:54:22.412Z
0001518715,"Mechanics Bancorp",MCHB,6022,"State Commercial Banks",NASDAQ,,2026-01-13T05:54:22.412Z
0001042729,"MERCANTILE BANK CORP",MBWM,6022,"State Commercial Banks",NASDAQ,,2026-01-13T05:54:22.412Z
0001629019,"Merchants Bancorp",MBIN,6022,"State Commercial Banks",NASDAQ,,2026-01-13T05:54:22.412Z
0001629019,"Merchants Bancorp",MBINM,6022,"State Commercial Banks",NASDAQ,,2026-01-13T05:54:22.412Z
0001629019,"Merchants Bancorp",MBINN,6022,"State Commercial Banks",NASDAQ,,2026-01-13T05:54:22.412Z
0001629019,"Merchants Bancorp",MBINL,6022,"State Commercial Banks",NASDAQ,,2026-01-13T05:54:22.412Z
0001750735,"Meridian Corp",MRBK,6021,"National Commercial Banks",NASDAQ,,2026-01-13T05:54:22.412Z
0001747068,"MetroCity Bankshares, Inc.",MCBS,6022,"State Commercial Banks",NASDAQ,,2026-01-13T05:54:22.412Z
0000879635,"MID PENN BANCORP INC",MPB,6022,"State Commercial Banks",NASDAQ,,2026-01-13T05:54:22.412Z
0000836147,"MIDDLEFIELD BANC CORP",MBCN,6022,"State Commercial Banks",NASDAQ,,2026-01-13T05:54:22.412Z
0001466026,"Midland States Bancorp, Inc.",MSBI,6022,"State Commercial Banks",NASDAQ,,2026-01-13T05:54:22.412Z
0001466026,"Midland States Bancorp, Inc.",MSBIP,6022,"State Commercial Banks",NASDAQ,,2026-01-13T05:54:22.412Z
0001412665,"MidWestOne Financial Group, Inc.",MOFG,6022,"State Commercial Banks",NASDAQ,,2026-01-13T05:54:22.412Z
0001277902,"MVB FINANCIAL CORP",MVBF,6022,"State Commercial Banks",NASDAQ,,2026-01-13T05:54:22.412Z
0000796534,"NATIONAL BANKSHARES INC",NKSH,6021,"National Commercial Banks",NASDAQ,,2026-01-13T05:54:22.412Z
0001979330,"NB Bancorp, Inc.",NBBK,6036,"Savings Institutions, Not Federally Chartered",NASDAQ,,2026-01-13T05:54:22.412Z
0000790359,"NBT BANCORP INC",NBTB,6021,"National Commercial Banks",NASDAQ,,2026-01-13T05:54:22.412Z
0001587987,"NewtekOne, Inc.",NEWT,6021,"National Commercial Banks",NASDAQ,,2026-01-13T05:54:22.412Z
0001587987,"NewtekOne, Inc.",NEWTI,6021,"National Commercial Banks",NASDAQ,,2026-01-13T05:54:22.412Z
0001587987,"NewtekOne, Inc.",NEWTZ,6021,"National Commercial Banks",NASDAQ,,2026-01-13T05:54:22.412Z
0001587987,"NewtekOne, Inc.",NEWTP,6021,"National Commercial Banks",NASDAQ,,2026-01-13T05:54:22.412Z
0001587987,"NewtekOne, Inc.",NEWTG,6021,"National Commercial Banks",NASDAQ,,2026-01-13T05:54:22.412Z
0001587987,"NewtekOne, Inc.",NEWTH,6021,"National Commercial Banks",NASDAQ,,2026-01-13T05:54:22.412Z
0001847398,"NorthEast Community Bancorp, Inc./MD/",NECB,6036,"Savings Institutions, Not Federally Chartered",NASDAQ,,2026-01-13T05:54:22.412Z
0000073124,"NORTHERN TRUST CORP",NTRS,6022,"State Commercial Banks",NASDAQ,,2026-01-13T05:54:22.412Z
0000073124,"NORTHERN TRUST CORP",NTRSO,6022,"State Commercial Banks",NASDAQ,,2026-01-13T05:54:22.412Z
0001493225,"Northfield Bancorp, Inc.",NFBK,6035,"Savings Institutions, Federally Chartered",NASDAQ,,2026-01-13T05:54:22.412Z
0001163370,"NORTHRIM BANCORP INC",NRIM,6035,"Savings Institutions, Federally Chartered",NASDAQ,,2026-01-13T05:54:22.412Z
0001471265,"Northwest Bancshares, Inc.",NWBI,6021,"National Commercial Banks",NASDAQ,,2026-01-13T05:54:22.412Z
0001013272,"NORWOOD FINANCIAL CORP",NWFL,6022,"State Commercial Banks",NASDAQ,,2026-01-13T05:54:22.412Z
0001881592,"NSTS Bancorp, Inc.",NSTS,6035,"Savings Institutions, Federally Chartered",NASDAQ,,2026-01-13T05:54:22.412Z
0001431567,"Oak Valley Bancorp",OVLY,6022,"State Commercial Banks",NASDAQ,,2026-01-13T05:54:22.412Z
0001004702,"OCEANFIRST FINANCIAL CORP",OCFC,6021,"National Commercial Banks",NASDAQ,,2026-01-13T05:54:22.412Z
0000894671,"OHIO VALLEY BANC CORP",OVBC,6022,"State Commercial Banks",NASDAQ,,2026-01-13T05:54:22.412Z
0000707179,"OLD NATIONAL BANCORP /IN/",ONB,6021,"National Commercial Banks",NASDAQ,,2026-01-13T05:54:22.412Z
0000707179,"OLD NATIONAL BANCORP /IN/",ONBPO,6021,"National Commercial Banks",NASDAQ,,2026-01-13T05:54:22.412Z
0000707179,"OLD NATIONAL BANCORP /IN/",ONBPP,6021,"National Commercial Banks",NASDAQ,,2026-01-13T05:54:22.412Z
0000357173,"OLD SECOND BANCORP INC",OSBC,6022,"State Commercial Banks",NASDAQ,,2026-01-13T05:54:22.412Z
0001722010,"OP Bancorp",OPBK,6022,"State Commercial Banks",NASDAQ,,2026-01-13T05:54:22.412Z
0001754226,"Orange County Bancorp, Inc. /DE/",OBT,6022,"State Commercial Banks",NASDAQ,,2026-01-13T05:54:22.412Z
0000826154,"ORRSTOWN FINANCIAL SERVICES INC",ORRF,6022,"State Commercial Banks",NASDAQ,,2026-01-13T05:54:22.412Z
0001315399,"PARKE BANCORP, INC.",PKBK,6022,"State Commercial Banks",NASDAQ,,2026-01-13T05:54:22.412Z
0001609065,"Pathfinder Bancorp, Inc.",PBHC,6022,"State Commercial Banks",NASDAQ,,2026-01-13T05:54:22.412Z
0000907471,"PATHWARD FINANCIAL, INC.",CASH,6021,"National Commercial Banks",NASDAQ,,2026-01-13T05:54:22.412Z
0001098146,"PATRIOT NATIONAL BANCORP INC",PNBK,6021,"National Commercial Banks",NASDAQ,,2026-01-13T05:54:22.412Z
0001423869,"PCB BANCORP",PCB,6022,"State Commercial Banks",NASDAQ,,2026-01-13T05:54:22.412Z
0000318300,"PEOPLES BANCORP INC",PEBO,6022,"State Commercial Banks",NASDAQ,,2026-01-13T05:54:22.412Z
0001093672,"PEOPLES BANCORP OF NORTH CAROLINA INC",PEBK,6022,"State Commercial Banks",NASDAQ,,2026-01-13T05:54:22.412Z
0001056943,"PEOPLES FINANCIAL SERVICES CORP.",PFIS,6021,"National Commercial Banks",NASDAQ,,2026-01-13T05:54:22.412Z
0001769663,"Pioneer Bancorp, Inc./MD",PBFS,6036,"Savings Institutions, Not Federally Chartered",NASDAQ,,2026-01-13T05:54:22.412Z
0001874071,"Ponce Financial Group, Inc.",PDLB,6035,"Savings Institutions, Federally Chartered",NASDAQ,,2026-01-13T05:54:22.412Z
0000763901,"POPULAR, INC.",BPOP,6022,"State Commercial Banks",NASDAQ,,2026-01-13T05:54:22.412Z
0000763901,"POPULAR, INC.",BPOPM,6022,"State Commercial Banks",NASDAQ,,2026-01-13T05:54:22.412Z
0001325670,"Primis Financial Corp.",FRST,6022,"State Commercial Banks",NASDAQ,,2026-01-13T05:54:22.412Z
0001913971,"Princeton Bancorp, Inc.",BPRN,6022,"State Commercial Banks",NASDAQ,,2026-01-13T05:54:22.412Z
0001010470,"PROVIDENT FINANCIAL HOLDINGS INC",PROV,6035,"Savings Institutions, Federally Chartered",NASDAQ,,2026-01-13T05:54:22.412Z
0000906465,"QCR HOLDINGS INC",QCRH,6022,"State Commercial Banks",NASDAQ,,2026-01-13T05:54:22.412Z
0001499422,"RBB Bancorp",RBB,6022,"State Commercial Banks",NASDAQ,,2026-01-13T05:54:22.412Z
0001071236,"RED RIVER BANCSHARES INC",RRBI,6022,"State Commercial Banks",NASDAQ,,2026-01-13T05:54:22.412Z
0000921557,"REPUBLIC BANCORP INC /KY/",RBCAA,6022,"State Commercial Banks",NASDAQ,,2026-01-13T05:54:22.412Z
0001751783,"Rhinebeck Bancorp, Inc.",RBKB,6036,"Savings Institutions, Not Federally Chartered",NASDAQ,,2026-01-13T05:54:22.412Z
0001767837,"Richmond Mutual Bancorporation, Inc.",RMBI,6022,"State Commercial Banks",NASDAQ,,2026-01-13T05:54:22.412Z
0001041368,"RIVERVIEW BANCORP INC",RVSB,6035,"Savings Institutions, Federally Chartered",NASDAQ,,2026-01-13T05:54:22.412Z
0000719220,"S&T BANCORP INC",STBA,6022,"State Commercial Banks",NASDAQ,,2026-01-13T05:54:22.412Z
0000767405,"SB FINANCIAL GROUP, INC.",SBFG,6022,"State Commercial Banks",NASDAQ,,2026-01-13T05:54:22.412Z
0000730708,"SEACOAST BANKING CORP OF FLORIDA",SBCF,6022,"State Commercial Banks",NASDAQ,,2026-01-13T05:54:22.412Z
0001035092,"SHORE BANCSHARES INC",SHBI,6021,"National Commercial Banks",NASDAQ,,2026-01-13T05:54:22.412Z
0001130144,"SIERRA BANCORP",BSRR,6022,"State Commercial Banks",NASDAQ,,2026-01-13T05:54:22.412Z
0000090498,"SIMMONS FIRST NATIONAL CORP",SFNC,6021,"National Commercial Banks",NASDAQ,,2026-01-13T05:54:22.412Z
0001541119,"Sound Financial Bancorp, Inc.",SFBC,6035,"Savings Institutions, Federally Chartered",NASDAQ,,2026-01-13T05:54:22.412Z
0001163668,"SOUTH PLAINS FINANCIAL, INC.",SPFI,6022,"State Commercial Banks",NASDAQ,,2026-01-13T05:54:22.412Z
0001090009,"SOUTHERN FIRST BANCSHARES INC",SFST,6021,"National Commercial Banks",NASDAQ,,2026-01-13T05:54:22.412Z
0000916907,"SOUTHERN MISSOURI BANCORP, INC.",SMBC,6036,"Savings Institutions, Not Federally Chartered",NASDAQ,,2026-01-13T05:54:22.412Z
0001951276,"SR Bancorp, Inc.",SRBK,6036,"Savings Institutions, Not Federally Chartered",NASDAQ,,2026-01-13T05:54:22.412Z
0000835324,"Stock Yards Bancorp, Inc.",SYBT,6022,"State Commercial Banks",NASDAQ,,2026-01-13T05:54:22.412Z
0001766526,"Tectonic Financial, Inc.",TECTP,6022,"State Commercial Banks",NASDAQ,,2026-01-13T05:54:22.412Z
0001077428,"TEXAS CAPITAL BANCSHARES INC/TX",TCBI,6022,"State Commercial Banks",NASDAQ,,2026-01-13T05:54:22.412Z
0001077428,"TEXAS CAPITAL BANCSHARES INC/TX",TCBIO,6022,"State Commercial Banks",NASDAQ,,2026-01-13T05:54:22.412Z
0001849466,"Texas Community Bancshares, Inc.",TCBS,6036,"Savings Institutions, Not Federally Chartered",NASDAQ,,2026-01-13T05:54:22.412Z
0001381668,"TFS Financial CORP",TFSL,6035,"Savings Institutions, Federally Chartered",NASDAQ,,2026-01-13T05:54:22.412Z
0001046050,"TIMBERLAND BANCORP INC",TSBK,6036,"Savings Institutions, Not Federally Chartered",NASDAQ,,2026-01-13T05:54:22.412Z
0000356171,"TRICO BANCSHARES /",TCBK,6022,"State Commercial Banks",NASDAQ,,2026-01-13T05:54:22.412Z
0000357301,"TRUSTCO BANK CORP N Y",TRST,6022,"State Commercial Banks",NASDAQ,,2026-01-13T05:54:22.412Z
0000036146,"TRUSTMARK CORP",TRMK,6021,"National Commercial Banks",NASDAQ,,2026-01-13T05:54:22.412Z
0000101382,"UMB FINANCIAL CORP",UMBF,6021,"National Commercial Banks",NASDAQ,,2026-01-13T05:54:22.412Z
0000101382,"UMB FINANCIAL CORP",UMBFO,6021,"National Commercial Banks",NASDAQ,,2026-01-13T05:54:22.412Z
0000706863,"UNION BANKSHARES INC",UNB,6022,"State Commercial Banks",NASDAQ,,2026-01-13T05:54:22.412Z
0000731653,"UNITED BANCORP INC /OH/",UBCP,6022,"State Commercial Banks",NASDAQ,,2026-01-13T05:54:22.412Z
0000729986,"UNITED BANKSHARES INC/WV",UBSI,6022,"State Commercial Banks",NASDAQ,,2026-01-13T05:54:22.412Z
0001137547,"UNITED SECURITY BANCSHARES",UBFO,6021,"National Commercial Banks",NASDAQ,,2026-01-13T05:54:22.412Z
0000920427,"UNITY BANCORP INC /NJ/",UNTY,6022,"State Commercial Banks",NASDAQ,,2026-01-13T05:54:22.412Z
0000102212,"UNIVEST FINANCIAL Corp",UVSP,6022,"State Commercial Banks",NASDAQ,,2026-01-13T05:54:22.412Z
0001901637,"USCB FINANCIAL HOLDINGS, INC.",USCB,6022,"State Commercial Banks",NASDAQ,,2026-01-13T05:54:22.412Z
0000714310,"VALLEY NATIONAL BANCORP",VLY,6021,"National Commercial Banks",NASDAQ,,2026-01-13T05:54:22.412Z
0000714310,"VALLEY NATIONAL BANCORP",VLYPP,6021,"National Commercial Banks",NASDAQ,,2026-01-13T05:54:22.412Z
0000714310,"VALLEY NATIONAL BANCORP",VLYPO,6021,"National Commercial Banks",NASDAQ,,2026-01-13T05:54:22.412Z
0000714310,"VALLEY NATIONAL BANCORP",VLYPN,6021,"National Commercial Banks",NASDAQ,,2026-01-13T05:54:22.412Z
0001572334,"Virginia National Bankshares Corp",VABK,6021,"National Commercial Banks",NASDAQ,,2026-01-13T05:54:22.412Z
0000936528,"WAFD INC",WAFD,6021,"National Commercial Banks",NASDAQ,,2026-01-13T05:54:22.412Z
0000936528,"WAFD INC",WAFDP,6021,"National Commercial Banks",NASDAQ,,2026-01-13T05:54:22.412Z
0000737468,"WASHINGTON TRUST BANCORP INC",WASH,6022,"State Commercial Banks",NASDAQ,,2026-01-13T05:54:22.412Z
0001569994,"Waterstone Financial, Inc.",WSBF,6035,"Savings Institutions, Federally Chartered",NASDAQ,,2026-01-13T05:54:22.412Z
0000203596,"WESBANCO INC",WSBC,6021,"National Commercial Banks",NASDAQ,,2026-01-13T05:54:22.412Z
0000203596,"WESBANCO INC",WSBCO,6021,"National Commercial Banks",NASDAQ,,2026-01-13T05:54:22.412Z
0001166928,"WEST BANCORPORATION INC",WTBA,6022,"State Commercial Banks",NASDAQ,,2026-01-13T05:54:22.412Z
0000311094,"WESTAMERICA BANCORPORATION",WABC,6021,"National Commercial Banks",NASDAQ,,2026-01-13T05:54:22.412Z
0001157647,"Western New England Bancorp, Inc.",WNEB,6035,"Savings Institutions, Federally Chartered",NASDAQ,,2026-01-13T05:54:22.412Z
0002047235,"Winchester Bancorp, Inc./MD/",WSBK,6036,"Savings Institutions, Not Federally Chartered",NASDAQ,,2026-01-13T05:54:22.412Z
0001015328,"WINTRUST FINANCIAL CORP",WTFC,6022,"State Commercial Banks",NASDAQ,,2026-01-13T05:54:22.412Z
0001015328,"WINTRUST FINANCIAL CORP",WTFCN,6022,"State Commercial Banks",NASDAQ,,2026-01-13T05:54:22.412Z
0000828944,"WSFS FINANCIAL CORP",WSFS,6021,"National Commercial Banks",NASDAQ,,2026-01-13T05:54:22.412Z
0000109380,"ZIONS BANCORPORATION, NATIONAL ASSOCIATION /UT/",ZION,6021,"National Commercial Banks",NASDAQ,,2026-01-13T05:54:22.412Z
0000109380,"ZIONS BANCORPORATION, NATIONAL ASSOCIATION /UT/",ZIONP,6021,"National Commercial Banks",NASDAQ,,2026-01-13T05:54:22.412Z
0001847360,"1895 Bancorp of Wisconsin, Inc. /MD/",BCOW,6036,"Savings Institutions, Not Federally Chartered",OTC,OTC,2026-01-13T05:54:22.412Z
0001668340,"Bancorp 34, Inc.",BCTF,6035,"Savings Institutions, Federally Chartered",OTC,OTC,2026-01-13T05:54:22.412Z
0000070858,"BANK OF AMERICA CORP /DE/",BACRP,6021,"National Commercial Banks",OTC,OTC,2026-01-13T05:54:22.412Z
0001007273,"BANK OF SOUTH CAROLINA CORP",BKSC,6022,"State Commercial Banks",OTC,OTC,2026-01-13T05:54:22.412Z
0000804563,"BENCHMARK BANKSHARES INC",BMBN,6022,"State Commercial Banks",OTC,OTC,2026-01-13T05:54:22.412Z
0000803016,"CALIFORNIA FIRST LEASING CORP",CFNB,6021,"National Commercial Banks",OTC,OTC,2026-01-13T05:54:22.412Z
0001016178,"CARVER BANCORP INC",CARV,6035,"Savings Institutions, Federally Chartered",OTC,OTC,2026-01-13T05:54:22.412Z
0000847538,"CHESAPEAKE FINANCIAL SHARES INC",CPKF,6021,"National Commercial Banks",OTC,OTC,2026-01-13T05:54:22.412Z
0001075706,"CITIZENS HOLDING CO /MS/",CIZN,6022,"State Commercial Banks",OTC,OTC,2026-01-13T05:54:22.412Z
0001437213,"Coastal Carolina Bancshares, Inc.",CCNB,6021,"National Commercial Banks",OTC,OTC,2026-01-13T05:54:22.412Z
0000718413,"COMMUNITY BANCORP /VT",CMTV,6021,"National Commercial Banks",OTC,OTC,2026-01-13T05:54:22.412Z
0001006830,"CONSUMERS BANCORP INC /OH/",CBKM,6021,"National Commercial Banks",OTC,OTC,2026-01-13T05:54:22.412Z
0000880417,"CSB Bancorp, Inc.",CSBB,6022,"State Commercial Banks",OTC,OTC,2026-01-13T05:54:22.412Z
0001845799,"Cullman Bancorp, Inc. /MD/",CULL,6036,"Savings Institutions, Not Federally Chartered",OTC,OTC,2026-01-13T05:54:22.412Z
0000927719,"DELHI BANK CORP",DWNX,6021,"National Commercial Banks",OTC,OTC,2026-01-13T05:54:22.412Z
0001159508,"DEUTSCHE BANK AKTIENGESELLSCHAFT",DEENF,6022,"State Commercial Banks",OTC,OTC,2026-01-13T05:54:22.412Z
0001159508,"DEUTSCHE BANK AKTIENGESELLSCHAFT",ADZCF,6022,"State Commercial Banks",OTC,OTC,2026-01-13T05:54:22.412Z
0001159508,"DEUTSCHE BANK AKTIENGESELLSCHAFT",OLOXF,6022,"State Commercial Banks",OTC,OTC,2026-01-13T05:54:22.412Z
0001449794,"Embassy Bancorp, Inc.",EMYB,6022,"State Commercial Banks",OTC,OTC,2026-01-13T05:54:22.412Z
0001437479,"ENB Financial Corp",ENBP,6021,"National Commercial Banks",OTC,OTC,2026-01-13T05:54:22.412Z
0002013792,"EWSB Bancorp, Inc. /MD/",EWSB,6036,"Savings Institutions, Not Federally Chartered",OTC,OTC,2026-01-13T05:54:22.412Z
0000740806,"F&M BANK CORP",FMBM,6022,"State Commercial Banks",OTC,OTC,2026-01-13T05:54:22.412Z
0001085913,"FARMERS & MERCHANTS BANCORP",FMCB,6021,"National Commercial Banks",OTC,OTC,2026-01-13T05:54:22.412Z
0001698022,"Farmers & Merchants Bancshares, Inc.",FMFG,6036,"Savings Institutions, Not Federally Chartered",OTC,OTC,2026-01-13T05:54:22.412Z
0000862831,"FINANCIAL INSTITUTIONS INC",FIISP,6021,"National Commercial Banks",OTC,OTC,2026-01-13T05:54:22.412Z
0000862831,"FINANCIAL INSTITUTIONS INC",FIISO,6021,"National Commercial Banks",OTC,OTC,2026-01-13T05:54:22.412Z
0000912967,"FIRST BANCSHARES INC /MO/",FBSI,6036,"Savings Institutions, Not Federally Chartered",OTC,OTC,2026-01-13T05:54:22.412Z
0000798941,"FIRST CITIZENS BANCSHARES INC /DE/",FCNCB,6022,"State Commercial Banks",OTC,OTC,2026-01-13T05:54:22.412Z
0000737875,"FIRST KEYSTONE CORP",FKYS,6022,"State Commercial Banks",OTC,OTC,2026-01-13T05:54:22.412Z
0001065823,"FIRST NILES FINANCIAL INC",FNFI,6035,"Savings Institutions, Federally Chartered",OTC,OTC,2026-01-13T05:54:22.412Z
0001065823,"FIRST NILES FINANCIAL INC",FNFPA,6035,"Savings Institutions, Federally Chartered",OTC,OTC,2026-01-13T05:54:22.412Z
0001114927,"FIRST NORTHERN COMMUNITY BANCORP",FNRN,6035,"Savings Institutions, Federally Chartered",OTC,OTC,2026-01-13T05:54:22.412Z
0001099668,"FIRST OTTAWA BANCSHARES, INC.",FOTB,6022,"State Commercial Banks",OTC,OTC,2026-01-13T05:54:22.412Z
0000786298,"FORESIGHT FINANCIAL GROUP INC",FGFH,6022,"State Commercial Banks",OTC,OTC,2026-01-13T05:54:22.412Z
0001823365,"Generations Bancorp NY, Inc.",GBNY,6035,"Savings Institutions, Federally Chartered",OTC,OTC,2026-01-13T05:54:22.412Z
0000890066,"GLEN BURNIE BANCORP",GLBZ,6022,"State Commercial Banks",OTC,OTC,2026-01-13T05:54:22.412Z
0001978811,"Gouverneur Bancorp, Inc./MD/",GOVB,6036,"Savings Institutions, Not Federally Chartered",OTC,OTC,2026-01-13T05:54:22.412Z
0000732417,"HILLS BANCORPORATION",HBIA,6022,"State Commercial Banks",OTC,OTC,2026-01-13T05:54:22.412Z
0001089113,"HSBC HOLDINGS PLC",HBCYF,6035,"Savings Institutions, Federally Chartered",OTC,OTC,2026-01-13T05:54:22.412Z
0000714712,"JUNIATA VALLEY FINANCIAL CORP",JUVF,6022,"State Commercial Banks",OTC,OTC,2026-01-13T05:54:22.412Z
0000803742,"KISH BANCORP INC",KISB,6021,"National Commercial Banks",OTC,OTC,2026-01-13T05:54:22.412Z
0002033615,"Magnolia Bancorp, Inc.",MGNO,6035,"Savings Institutions, Federally Chartered",OTC,OTC,2026-01-13T05:54:22.412Z
0001967306,"Mercer Bancorp, Inc.",MSBB,6036,"Savings Institutions, Not Federally Chartered",OTC,OTC,2026-01-13T05:54:22.412Z
0001335730,"MIZUHO FINANCIAL GROUP INC",MZHOF,6021,"National Commercial Banks",OTC,OTC,2026-01-13T05:54:22.412Z
0002024899,"Monroe Federal Bancorp, Inc.",MFBI,6035,"Savings Institutions, Federally Chartered",OTC,OTC,2026-01-13T05:54:22.412Z
0000731122,"MUNCY COLUMBIA FINANCIAL Corp",CCFN,6022,"State Commercial Banks",OTC,OTC,2026-01-13T05:54:22.412Z
0001163389,"NEW PEOPLES BANKSHARES INC",NWPP,6022,"State Commercial Banks",OTC,OTC,2026-01-13T05:54:22.412Z
0001865429,"Oak View Bankshares, Inc.",OAKV,6021,"National Commercial Banks",OTC,OTC,2026-01-13T05:54:22.412Z
0001501078,"Oconee Federal Financial Corp.",OFED,6035,"Savings Institutions, Federally Chartered",OTC,OTC,2026-01-13T05:54:22.412Z
0001076691,"OCONEE FINANCIAL CORP",OSBK,6022,"State Commercial Banks",OTC,OTC,2026-01-13T05:54:22.412Z
0000770460,"PEOPLES FINANCIAL CORP /MS/",PFBX,6022,"State Commercial Banks",OTC,OTC,2026-01-13T05:54:22.412Z
0001967656,"PFS Bancorp, Inc.",PFSB,6036,"Savings Institutions, Not Federally Chartered",OTC,OTC,2026-01-13T05:54:22.412Z
0000763901,"POPULAR, INC.",BPOPO,6022,"State Commercial Banks",OTC,OTC,2026-01-13T05:54:22.412Z
0001586454,"Prime Meridian Holding Co",PMHG,6022,"State Commercial Banks",OTC,OTC,2026-01-13T05:54:22.412Z
0000750558,"QNB CORP.",QNBC,6022,"State Commercial Banks",OTC,OTC,2026-01-13T05:54:22.412Z
0001391933,"QUAINT OAK BANCORP, INC.",QNTO,6036,"Savings Institutions, Not Federally Chartered",OTC,OTC,2026-01-13T05:54:22.412Z
0001641601,"River Financial Corp",RVRF,6022,"State Commercial Banks",OTC,OTC,2026-01-13T05:54:22.412Z
0000818677,"SECURITY FEDERAL CORP",SFDL,6022,"State Commercial Banks",OTC,OTC,2026-01-13T05:54:22.412Z
0002036060,"Security Midwest Bancorp, Inc.",SBMW,6036,"Savings Institutions, Not Federally Chartered",OTC,OTC,2026-01-13T05:54:22.412Z
0002072421,"Seneca Bancorp, Inc.",SNNF,6021,"National Commercial Banks",OTC,OTC,2026-01-13T05:54:22.412Z
0001657642,"Skyline Bankshares, Inc.",SLBK,6022,"State Commercial Banks",OTC,OTC,2026-01-13T05:54:22.412Z
0000779227,"STEELE BANCORP INC",STLE,6022,"State Commercial Banks",OTC,OTC,2026-01-13T05:54:22.412Z
0001725262,"Tri-County Financial Group, Inc.",TYFG,6022,"State Commercial Banks",OTC,OTC,2026-01-13T05:54:22.412Z
0001087456,"UNITED BANCSHARES INC/OH",UBOH,6021,"National Commercial Banks",OTC,OTC,2026-01-13T05:54:22.412Z
0000811211,"UNIVERSITY BANCORP INC /DE/",UNIB,6022,"State Commercial Banks",OTC,OTC,2026-01-13T05:54:22.412Z
0000898171,"UWHARRIE CAPITAL CORP",UWHR,6022,"State Commercial Banks",OTC,OTC,2026-01-13T05:54:22.412Z
0001509302,"Victory Bancorp Inc",VTYB,6022,"State Commercial Banks",OTC,OTC,2026-01-13T05:54:22.412Z
0001913838,"VWF Bancorp, Inc.",VWFB,6036,"Savings Institutions, Not Federally Chartered",OTC,OTC,2026-01-13T05:54:22.412Z
0000072971,"WELLS FARGO & COMPANY/MN",WFCNP,6021,"National Commercial Banks",OTC,OTC,2026-01-13T05:54:22.412Z
0000885275,"WILSON BANK HOLDING CO",WBHC,6021,"National Commercial Banks",OTC,OTC,2026-01-13T05:54:22.412Z
0000007789,"ASSOCIATED BANC-CORP",ASB-PE,6022,"State Commercial Banks",N/A,,2026-01-13T05:54:22.412Z
0000007789,"ASSOCIATED BANC-CORP",ASB-PF,6022,"State Commercial Banks",N/A,,2026-01-13T05:54:22.412Z
0000883948,"Atlantic Union Bankshares Corp",AUB-PA,6022,"State Commercial Banks",N/A,,2026-01-13T05:54:22.412Z
0001169770,"BANC OF CALIFORNIA, INC.",BANC-PF,6021,"National Commercial Banks",N/A,,2026-01-13T05:54:22.412Z
0000070858,"BANK OF AMERICA CORP /DE/",BML-PG,6021,"National Commercial Banks",N/A,,2026-01-13T05:54:22.412Z
0000070858,"BANK OF AMERICA CORP /DE/",BML-PH,6021,"National Commercial Banks",N/A,,2026-01-13T05:54:22.412Z
0000070858,"BANK OF AMERICA CORP /DE/",BML-PL,6021,"National Commercial Banks",N/A,,2026-01-13T05:54:22.412Z
0000070858,"BANK OF AMERICA CORP /DE/",BAC-PB,6021,"National Commercial Banks",N/A,,2026-01-13T05:54:22.412Z
0000070858,"BANK OF AMERICA CORP /DE/",BAC-PK,6021,"National Commercial Banks",N/A,,2026-01-13T05:54:22.412Z
0000070858,"BANK OF AMERICA CORP /DE/",BML-PJ,6021,"National Commercial Banks",N/A,,2026-01-13T05:54:22.412Z
0000070858,"BANK OF AMERICA CORP /DE/",BAC-PE,6021,"National Commercial Banks",N/A,,2026-01-13T05:54:22.412Z
0000070858,"BANK OF AMERICA CORP /DE/",BAC-PL,6021,"National Commercial Banks",N/A,,2026-01-13T05:54:22.412Z
0000070858,"BANK OF AMERICA CORP /DE/",BAC-PM,6021,"National Commercial Banks",N/A,,2026-01-13T05:54:22.412Z
0000070858,"BANK OF AMERICA CORP /DE/",MER-PK,6021,"National Commercial Banks",N/A,,2026-01-13T05:54:22.412Z
0000070858,"BANK OF AMERICA CORP /DE/",BAC-PN,6021,"National Commercial Banks",N/A,,2026-01-13T05:54:22.412Z
0000070858,"BANK OF AMERICA CORP /DE/",BAC-PO,6021,"National Commercial Banks",N/A,,2026-01-13T05:54:22.412Z
0000070858,"BANK OF AMERICA CORP /DE/",BAC-PP,6021,"National Commercial Banks",N/A,,2026-01-13T05:54:22.412Z
0000070858,"BANK OF AMERICA CORP /DE/",BAC-PQ,6021,"National Commercial Banks",N/A,,2026-01-13T05:54:22.412Z
0000070858,"BANK OF AMERICA CORP /DE/",BAC-PS,6021,"National Commercial Banks",N/A,,2026-01-13T05:54:22.412Z
0000046195,"BANK OF HAWAII CORP",BOH-PA,6022,"State Commercial Banks",N/A,,2026-01-13T05:54:22.412Z
0000046195,"BANK OF HAWAII CORP",BOH-PB,6022,"State Commercial Banks",N/A,,2026-01-13T05:54:22.412Z
0001390777,"Bank of New York Mellon Corp",BK-PK,6022,"State Commercial Banks",N/A,,2026-01-13T05:54:22.412Z
0001303942,"BankFinancial CORP",BFIN,6035,"Savings Institutions, Federally Chartered",N/A,,2026-01-13T05:54:22.412Z
0000927628,"CAPITAL ONE FINANCIAL CORP",COF-PI,6021,"National Commercial Banks",N/A,,2026-01-13T05:54:22.412Z
0000927628,"CAPITAL ONE FINANCIAL CORP",COF-PJ,6021,"National Commercial Banks",N/A,,2026-01-13T05:54:22.412Z
0000927628,"CAPITAL ONE FINANCIAL CORP",COF-PK,6021,"National Commercial Banks",N/A,,2026-01-13T05:54:22.412Z
0000927628,"CAPITAL ONE FINANCIAL CORP",COF-PL,6021,"National Commercial Banks",N/A,,2026-01-13T05:54:22.412Z
0000927628,"CAPITAL ONE FINANCIAL CORP",COF-PN,6021,"National Commercial Banks",N/A,,2026-01-13T05:54:22.412Z
0000831001,"CITIGROUP INC",C-PN,6021,"National Commercial Banks",N/A,,2026-01-13T05:54:22.412Z
0000759944,"CITIZENS FINANCIAL GROUP INC/RI",CFG-PE,6022,"State Commercial Banks",N/A,,2026-01-13T05:54:22.412Z
0000759944,"CITIZENS FINANCIAL GROUP INC/RI",CFG-PH,6022,"State Commercial Banks",N/A,,2026-01-13T05:54:22.412Z
0000759944,"CITIZENS FINANCIAL GROUP INC/RI",CFG-PI,6022,"State Commercial Banks",N/A,,2026-01-13T05:54:22.412Z
0000028412,"COMERICA INC",CMA-PB,6021,"National Commercial Banks",N/A,,2026-01-13T05:54:22.412Z
0000039263,"CULLEN/FROST BANKERS, INC.",CFR-PB,6021,"National Commercial Banks",N/A,,2026-01-13T05:54:22.412Z
0001159508,"DEUTSCHE BANK AKTIENGESELLSCHAFT",DGP,6022,"State Commercial Banks",N/A,,2026-01-13T05:54:22.412Z
0001159508,"DEUTSCHE BANK AKTIENGESELLSCHAFT",DGZ,6022,"State Commercial Banks",N/A,,2026-01-13T05:54:22.412Z
0001159508,"DEUTSCHE BANK AKTIENGESELLSCHAFT",DZZ,6022,"State Commercial Banks",N/A,,2026-01-13T05:54:22.412Z
0000036966,"FIRST HORIZON CORP",FHN-PC,6021,"National Commercial Banks",N/A,,2026-01-13T05:54:22.412Z
0000036966,"FIRST HORIZON CORP",FHN-PE,6021,"National Commercial Banks",N/A,,2026-01-13T05:54:22.412Z
0000036966,"FIRST HORIZON CORP",FHN-PF,6021,"National Commercial Banks",N/A,,2026-01-13T05:54:22.412Z
0000910073,"FLAGSTAR BANK, NATIONAL ASSOCIATION",FLG-PU,6036,"Savings Institutions, Not Federally Chartered",N/A,,2026-01-13T05:54:22.412Z
0000910073,"FLAGSTAR BANK, NATIONAL ASSOCIATION",FLG-PA,6036,"Savings Institutions, Not Federally Chartered",N/A,,2026-01-13T05:54:22.412Z
0001769617,"HarborOne Bancorp, Inc.",HONE,6022,"State Commercial Banks",N/A,,2026-01-13T05:54:22.412Z
0000019617,"JPMORGAN CHASE & CO",JPM-PC,6021,"National Commercial Banks",N/A,,2026-01-13T05:54:22.412Z
0000019617,"JPMORGAN CHASE & CO",JPM-PD,6021,"National Commercial Banks",N/A,,2026-01-13T05:54:22.412Z
0000019617,"JPMORGAN CHASE & CO",JPM-PJ,6021,"National Commercial Banks",N/A,,2026-01-13T05:54:22.412Z
0000019617,"JPMORGAN CHASE & CO",AMJB,6021,"National Commercial Banks",N/A,,2026-01-13T05:54:22.412Z
0000019617,"JPMORGAN CHASE & CO",JPM-PK,6021,"National Commercial Banks",N/A,,2026-01-13T05:54:22.412Z
0000019617,"JPMORGAN CHASE & CO",JPM-PL,6021,"National Commercial Banks",N/A,,2026-01-13T05:54:22.412Z
0000019617,"JPMORGAN CHASE & CO",JPM-PM,6021,"National Commercial Banks",N/A,,2026-01-13T05:54:22.412Z
0000019617,"JPMORGAN CHASE & CO",VYLD,6021,"National Commercial Banks",N/A,,2026-01-13T05:54:22.412Z
0000091576,"KEYCORP /NEW/",KEY-PK,6021,"National Commercial Banks",N/A,,2026-01-13T05:54:22.412Z
0000091576,"KEYCORP /NEW/",KEY-PJ,6021,"National Commercial Banks",N/A,,2026-01-13T05:54:22.412Z
0000091576,"KEYCORP /NEW/",KEY-PI,6021,"National Commercial Banks",N/A,,2026-01-13T05:54:22.412Z
0000091576,"KEYCORP /NEW/",KEY-PL,6021,"National Commercial Banks",N/A,,2026-01-13T05:54:22.412Z
0001462120,"Live Oak Bancshares, Inc.",LOB-PA,6022,"State Commercial Banks",N/A,,2026-01-13T05:54:22.412Z
0000036270,"M&T BANK CORP",MTB-PK,6022,"State Commercial Banks",N/A,,2026-01-13T05:54:22.412Z
0000036270,"M&T BANK CORP",MTB-PJ,6022,"State Commercial Banks",N/A,,2026-01-13T05:54:22.412Z
0000036270,"M&T BANK CORP",MTB-PH,6022,"State Commercial Banks",N/A,,2026-01-13T05:54:22.412Z
0001849670,"PB Bankshares, Inc.",PBBK,6036,"Savings Institutions, Not Federally Chartered",N/A,,2026-01-13T05:54:22.412Z
0001115055,"PINNACLE FINANCIAL PARTNERS INC",PNFPP,6021,"National Commercial Banks",N/A,,2026-01-13T05:54:22.412Z
0002082866,"Pinnacle Financial Partners, Inc.",PNFP-PB,6021,"National Commercial Banks",N/A,,2026-01-13T05:54:22.412Z
0002082866,"Pinnacle Financial Partners, Inc.",PNFP-PC,6021,"National Commercial Banks",N/A,,2026-01-13T05:54:22.412Z
0002082866,"Pinnacle Financial Partners, Inc.",PNFP-PA,6021,"National Commercial Banks",N/A,,2026-01-13T05:54:22.412Z
0001281761,"REGIONS FINANCIAL CORP",RF-PC,6021,"National Commercial Banks",N/A,,2026-01-13T05:54:22.412Z
0001281761,"REGIONS FINANCIAL CORP",RF-PE,6021,"National Commercial Banks",N/A,,2026-01-13T05:54:22.412Z
0001281761,"REGIONS FINANCIAL CORP",RF-PF,6021,"National Commercial Banks",N/A,,2026-01-13T05:54:22.412Z
0000093751,"STATE STREET CORP",STT-PG,6022,"State Commercial Banks",N/A,,2026-01-13T05:54:22.412Z
0000018349,"SYNOVUS FINANCIAL CORP",SNV,6021,"National Commercial Banks",N/A,,2026-01-13T05:54:22.412Z
0000018349,"SYNOVUS FINANCIAL CORP",SNV-PD,6021,"National Commercial Banks",N/A,,2026-01-13T05:54:22.412Z
0000018349,"SYNOVUS FINANCIAL CORP",SNV-PE,6021,"National Commercial Banks",N/A,,2026-01-13T05:54:22.412Z
0001539638,"Triumph Financial, Inc.",TFIN-P,6022,"State Commercial Banks",N/A,,2026-01-13T05:54:22.412Z
0000092230,"TRUIST FINANCIAL CORP",TFC.PJ,6021,"National Commercial Banks",N/A,,2026-01-13T05:54:22.412Z
0000092230,"TRUIST FINANCIAL CORP",TFC-PI,6021,"National Commercial Banks",N/A,,2026-01-13T05:54:22.412Z
0000092230,"TRUIST FINANCIAL CORP",TFC-PO,6021,"National Commercial Banks",N/A,,2026-01-13T05:54:22.412Z
0000092230,"TRUIST FINANCIAL CORP",TFC-PR,6021,"National Commercial Banks",N/A,,2026-01-13T05:54:22.412Z
0001114446,"UBS AG",AMUB,6021,"National Commercial Banks",N/A,,2026-01-13T05:54:22.412Z
0001114446,"UBS AG",BDCX,6021,"National Commercial Banks",N/A,,2026-01-13T05:54:22.412Z
0001114446,"UBS AG",BDCZ,6021,"National Commercial Banks",N/A,,2026-01-13T05:54:22.412Z
0001114446,"UBS AG",CEFD,6021,"National Commercial Banks",N/A,,2026-01-13T05:54:22.412Z
0001114446,"UBS AG",CEFZ,6021,"National Commercial Banks",N/A,,2026-01-13T05:54:22.412Z
0001114446,"UBS AG",UCIB,6021,"National Commercial Banks",N/A,,2026-01-13T05:54:22.412Z
0001114446,"UBS AG",USML,6021,"National Commercial Banks",N/A,,2026-01-13T05:54:22.412Z
0001114446,"UBS AG",SMHB,6021,"National Commercial Banks",N/A,,2026-01-13T05:54:22.412Z
0001114446,"UBS AG",MTUL,6021,"National Commercial Banks",N/A,,2026-01-13T05:54:22.412Z
0001114446,"UBS AG",MVRL,6021,"National Commercial Banks",N/A,,2026-01-13T05:54:22.412Z
0001114446,"UBS AG",PFFL,6021,"National Commercial Banks",N/A,,2026-01-13T05:54:22.412Z
0001114446,"UBS AG",QULL,6021,"National Commercial Banks",N/A,,2026-01-13T05:54:22.412Z
0001114446,"UBS AG",SCDL,6021,"National Commercial Banks",N/A,,2026-01-13T05:54:22.412Z
0001114446,"UBS AG",IWFL,6021,"National Commercial Banks",N/A,,2026-01-13T05:54:22.412Z
0001114446,"UBS AG",IWML,6021,"National Commercial Banks",N/A,,2026-01-13T05:54:22.412Z
0001114446,"UBS AG",MLPB,6021,"National Commercial Banks",N/A,,2026-01-13T05:54:22.412Z
0001114446,"UBS AG",MLPR,6021,"National Commercial Banks",N/A,,2026-01-13T05:54:22.412Z
0001114446,"UBS AG",HDLB,6021,"National Commercial Banks",N/A,,2026-01-13T05:54:22.412Z
0001114446,"UBS AG",IFED,6021,"National Commercial Banks",N/A,,2026-01-13T05:54:22.412Z
0001114446,"UBS AG",IWDL,6021,"National Commercial Banks",N/A,,2026-01-13T05:54:22.412Z
0000036104,"US BANCORP \DE\",USB-PA,6021,"National Commercial Banks",N/A,,2026-01-13T05:54:22.412Z
0000036104,"US BANCORP \DE\",USB-PH,6021,"National Commercial Banks",N/A,,2026-01-13T05:54:22.412Z
0000036104,"US BANCORP \DE\",USB-PP,6021,"National Commercial Banks",N/A,,2026-01-13T05:54:22.412Z
0000036104,"US BANCORP \DE\",USB-PR,6021,"National Commercial Banks",N/A,,2026-01-13T05:54:22.412Z
0000036104,"US BANCORP \DE\",USB-PS,6021,"National Commercial Banks",N/A,,2026-01-13T05:54:22.412Z
0000036104,"US BANCORP \DE\",USB-PQ,6021,"National Commercial Banks",N/A,,2026-01-13T05:54:22.412Z
0000801337,"WEBSTER FINANCIAL CORP",WBS-PF,6021,"National Commercial Banks",N/A,,2026-01-13T05:54:22.412Z
0000801337,"WEBSTER FINANCIAL CORP",WBS-PG,6021,"National Commercial Banks",N/A,,2026-01-13T05:54:22.412Z
0000072971,"WELLS FARGO & COMPANY/MN",WFC-PY,6021,"National Commercial Banks",N/A,,2026-01-13T05:54:22.412Z
0000072971,"WELLS FARGO & COMPANY/MN",WFC-PL,6021,"National Commercial Banks",N/A,,2026-01-13T05:54:22.412Z
0000072971,"WELLS FARGO & COMPANY/MN",WFC-PC,6021,"National Commercial Banks",N/A,,2026-01-13T05:54:22.412Z
0000072971,"WELLS FARGO & COMPANY/MN",WFC-PD,6021,"National Commercial Banks",N/A,,2026-01-13T05:54:22.412Z
0000072971,"WELLS FARGO & COMPANY/MN",WFC-PZ,6021,"National Commercial Banks",N/A,,2026-01-13T05:54:22.412Z
0000072971,"WELLS FARGO & COMPANY/MN",WFC-PA,6021,"National Commercial Banks",N/A,,2026-01-13T05:54:22.412Z
0001212545,"WESTERN ALLIANCE BANCORPORATION",WAL-PA,6022,"State Commercial Banks",N/A,,2026-01-13T05:54:22.412Z